,keyword,numstudy,numactivation
0,abilities,291,11638
1,ability,1094,38134
2,abstract,289,11245
3,abuse,91,2625
4,acc,558,19397
5,accumbens,200,6435
6,accuracy,632,20629
7,accurate,254,10341
8,accurately,130,3721
9,acoustic,171,5598
10,act,152,4778
11,action,886,34656
12,action observation,118,5452
13,actions,634,24272
14,acts,81,2925
15,ad,196,5187
16,adaptation,308,9594
17,add,85,2214
18,addiction,135,3617
19,addition,1399,49750
20,adhd,144,3888
21,adolescence,241,7369
22,adolescent,186,4690
23,adolescents,455,13665
24,adult,486,16706
25,adulthood,172,6014
26,adults,1406,51685
27,affect,625,22223
28,affective,748,28542
29,age,1870,62849
30,agent,72,2678
31,aging,293,12148
32,al,276,10043
33,alcohol,130,4141
34,alff,114,2688
35,alpha,113,2793
36,alzheimer,267,8375
37,alzheimer disease,263,8164
38,ambiguous,131,4058
39,amnestic,72,2299
40,amygdala,1579,54873
41,amygdala anterior,77,2877
42,amygdala hippocampus,113,5121
43,amygdala insula,94,3256
44,amygdala response,113,2893
45,amygdala responses,78,2143
46,anger,89,3106
47,angry,159,5087
48,angular,389,12936
49,angular gyrus,310,10782
50,animal,246,8576
51,animals,169,6636
52,anterior,3932,146983
53,anterior cingulate,2086,73375
54,anterior hippocampus,80,3391
55,anterior insula,681,28520
56,anterior insular,90,3627
57,anterior intraparietal,87,3379
58,anterior medial,85,2843
59,anterior posterior,245,9128
60,anterior prefrontal,99,3941
61,anterior superior,89,3298
62,anterior temporal,194,6488
63,anticipation,301,10474
64,anticipatory,133,4441
65,anxiety,449,13053
66,anxiety disorders,95,2517
67,aphasia,82,3346
68,appraisal,84,2671
69,approach,943,30472
70,arithmetic,96,3577
71,arm,84,3116
72,arousal,295,11556
73,arterial,103,3345
74,arterial spin,94,3072
75,articulatory,87,4419
76,asd,146,7391
77,association,880,27953
78,associations,578,18448
79,associative,295,11344
80,asymmetry,141,4315
81,atrophy,206,6472
82,attend,84,3483
83,attended,149,5240
84,attending,77,2204
85,attention,1831,65346
86,attentional,824,29856
87,attentional control,142,4637
88,attention deficit,152,4428
89,attention network,168,6323
90,attention task,93,3805
91,attenuation,75,2473
92,audiovisual,118,3980
93,auditory,1252,46557
94,auditory cortex,279,8290
95,auditory stimuli,115,3598
96,auditory visual,153,4996
97,autism,244,11329
98,autism spectrum,170,8237
99,autobiographical,143,7251
100,autobiographical memory,84,4225
101,autonomic,117,5897
102,aversive,238,8529
103,avoid,105,3434
104,avoidance,116,4311
105,awareness,290,9504
106,ba,399,13839
107,ba 44,85,2653
108,balance,99,3527
109,basal,552,24130
110,basal ganglia,483,21757
111,baseline,600,21739
112,behavior,1204,41654
113,behavioral,2311,79961
114,behavioral measures,99,2886
115,behavioral performance,238,8163
116,behavioral responses,92,3789
117,behaviors,335,12281
118,belief,83,3077
119,beliefs,77,3523
120,beta,125,3025
121,bias,311,9517
122,bilaterally,685,25967
123,bilinguals,77,3081
124,binding,144,4059
125,biomarker,93,2730
126,biomarkers,80,2685
127,bipolar,157,3704
128,bipolar disorder,130,3014
129,blind,288,10456
130,bodily,97,3665
131,body,552,19337
132,brains,125,3588
133,brainstem,171,7026
134,broca,223,8208
135,brodmann,239,8402
136,button,126,5206
137,calculation,76,3741
138,callosum,100,2991
139,capacity,298,11644
140,capture,90,2278
141,categorical,114,3672
142,categories,284,9348
143,categorization,163,5157
144,category,353,12135
145,caudal,153,7233
146,caudate,718,25648
147,caudate nucleus,277,11090
148,cerebellar,498,22415
149,cerebellum,1052,47414
150,cerebral,911,31163
151,cerebral cortex,81,2243
152,character,111,4690
153,characters,95,4272
154,childhood,233,6847
155,children,621,21386
156,chinese,214,8314
157,choice,326,11334
158,choices,194,6474
159,choose,76,3330
160,chosen,80,3751
161,chronic,399,12103
162,chronic pain,92,2907
163,cingulate,3361,119720
164,cingulate cortex,1938,66124
165,cingulate cortices,133,6080
166,cingulate gyrus,350,11779
167,classical,170,6587
168,cognition,731,25308
169,cognitive,3427,120005
170,cognitive control,598,19614
171,cognitive deficits,115,4243
172,cognitive emotional,82,2509
173,cognitive function,130,3957
174,cognitive functions,188,6715
175,cognitive impairment,232,7063
176,cognitively,161,6003
177,cognitive performance,174,5247
178,cognitive processes,302,10686
179,cognitive task,113,4559
180,cognitive tasks,166,6402
181,coherence,132,3656
182,color,236,8092
183,communication,271,9047
184,compensate,97,3818
185,compensation,91,5082
186,compensatory,327,13613
187,competing,135,5324
188,competition,129,5129
189,complex,1135,43000
190,complexity,225,10187
191,comprehension,424,15365
192,compulsive,111,2827
193,compulsive disorder,92,2339
194,computation,73,2604
195,concentration,81,2519
196,concept,170,5551
197,concepts,135,4950
198,conceptual,192,6275
199,concrete,101,4130
200,concurrent,174,6125
201,concurrently,100,3811
202,conditioned,120,3938
203,conditioning,160,5798
204,conductance,93,3633
205,confidence,79,2743
206,conflict,337,10925
207,conflicting,113,4134
208,confounding,98,2807
209,congruency,88,2674
210,congruent,267,9876
211,congruent incongruent,85,3054
212,conjunction,306,12628
213,connectivity,2636,94335
214,conscious,182,6689
215,consciousness,74,2492
216,consecutive,91,3275
217,consistency,79,3757
218,consolidation,87,2674
219,constraints,81,3101
220,construction,81,3465
221,consumption,72,1574
222,context,986,35713
223,contexts,223,8606
224,contextual,220,8593
225,contralateral,448,18149
226,control,3796,137024
227,controlled,516,19406
228,controlling,308,9658
229,control network,163,5612
230,control processes,157,6255
231,controls,2411,76397
232,control task,172,7222
233,coordination,150,7215
234,core,477,19760
235,corpus,106,3187
236,corpus callosum,100,2991
237,correct,359,12975
238,correction,125,3939
239,correctly,146,4993
240,cortex acc,410,13764
241,cortex amygdala,107,4195
242,cortex anterior,350,14475
243,cortex ba,87,2956
244,cortex bilaterally,94,2838
245,cortex cerebellum,121,5820
246,cortex dacc,123,3466
247,cortex dlpfc,383,12422
248,cortex dmpfc,78,2019
249,cortex dorsal,89,3075
250,cortex dorsolateral,73,2478
251,cortex frontal,77,3156
252,cortex hippocampus,77,2657
253,cortex inferior,256,9679
254,cortex insula,140,5622
255,cortex involved,105,5083
256,cortex lateral,87,3845
257,cortex m1,81,3092
258,cortex medial,153,5445
259,cortex middle,100,3795
260,cortex mpfc,263,7870
261,cortex ofc,183,4892
262,cortex parietal,89,3592
263,cortex pcc,152,4439
264,cortex pfc,278,10295
265,cortex posterior,223,8752
266,cortex ppc,95,3604
267,cortex precuneus,152,5467
268,cortex suggest,135,4603
269,cortex superior,179,7618
270,cortex supplementary,111,5165
271,cortex thalamus,88,3234
272,cortex ventral,101,4497
273,cortex vlpfc,99,3118
274,cortex vmpfc,151,4606
275,cortical,2677,98339
276,cortices,1470,61456
277,cortico,179,8725
278,covert,120,6042
279,craving,80,2190
280,cross modal,104,4334
281,cue,452,16837
282,cued,250,9605
283,cues,762,27689
284,cuneus,201,7220
285,dacc,162,4547
286,daily life,80,2316
287,damage,255,7769
288,decision,800,28630
289,decision making,509,16413
290,decisions,375,12239
291,decision task,106,4158
292,decline,211,7469
293,declines,73,3597
294,decoding,111,3943
295,default,907,31297
296,default mode,777,26256
297,default network,96,3768
298,deficient,79,2750
299,deficit,432,15214
300,deficit hyperactivity,144,4205
301,deficits,972,33780
302,delay,359,12214
303,delayed,274,8989
304,demand,186,7441
305,demanding,180,6728
306,demands,596,24759
307,dementia,142,4246
308,dependence,146,3744
309,depressed,214,4882
310,depression,502,11677
311,depressive,337,7501
312,depressive disorder,218,5154
313,deprivation,95,3579
314,depth,94,3774
315,detect,308,10270
316,detected,410,14756
317,detecting,143,4623
318,detection,604,22260
319,detection task,92,3166
320,development,736,22753
321,developmental,400,14466
322,diagnosis,203,4895
323,difficult,328,11764
324,difficulty,410,15968
325,digit,116,3210
326,dimension,139,5481
327,dimensional,151,4704
328,dimensions,199,7338
329,disability,81,2802
330,discriminate,103,2817
331,discriminated,87,3623
332,discrimination,346,12705
333,discrimination task,111,4094
334,discriminative,78,3212
335,disease,766,24827
336,disease ad,168,4479
337,disease pd,118,4850
338,diseases,89,3413
339,disgust,103,3666
340,disorder,1358,39380
341,disorder adhd,124,3495
342,disorder mdd,163,3543
343,disorder ocd,77,1891
344,disorder ptsd,89,1961
345,disorders,899,30902
346,distraction,85,3098
347,distractor,84,2395
348,distractors,93,3030
349,divided,175,6956
350,dlpfc,489,16139
351,dmn,366,9650
352,dmpfc,112,3021
353,domain general,91,3692
354,dominance,139,4772
355,dominant,227,10356
356,dopamine,255,7822
357,dopaminergic,205,7013
358,dorsal,1727,62764
359,dorsal anterior,410,12673
360,dorsal attention,99,3720
361,dorsal medial,89,2958
362,dorsal premotor,193,8767
363,dorsal striatum,100,3866
364,dorsal ventral,175,7574
365,dorsolateral,1286,45731
366,dorsolateral pfc,93,3274
367,dorsolateral prefrontal,1049,36216
368,dorsomedial,279,9566
369,dorsomedial prefrontal,178,5630
370,drug,319,8459
371,drugs,87,2401
372,dyslexia,76,2666
373,dysregulation,89,2491
374,early visual,136,4468
375,eating,102,3014
376,economic,74,2051
377,education,193,4571
378,efficiency,244,7658
379,effort,204,7905
380,effortful,79,3719
381,elderly,151,5643
382,electrical,125,4653
383,emotion,1037,35632
384,emotional,1708,58326
385,emotional faces,100,3325
386,emotional information,90,3594
387,emotionally,214,7318
388,emotional responses,97,3851
389,emotional stimuli,212,6776
390,emotional valence,101,3421
391,emotion regulation,247,8531
392,emotions,444,15877
393,empathic,93,3981
394,empathy,187,7913
395,encode,113,4786
396,encoded,255,9424
397,encoding,882,34775
398,encoding retrieval,124,5147
399,endogenous,111,3570
400,engagement,349,15754
401,english,156,7354
402,epilepsy,139,4080
403,episode,190,4440
404,episodes,98,2650
405,episodic,488,20164
406,episodic memory,332,13518
407,erp,142,4314
408,error,464,16093
409,errors,347,12771
410,estimation,154,5783
411,evaluation,394,13373
412,evaluations,90,2419
413,events,636,25283
414,everyday,223,7626
415,everyday life,93,3517
416,executed,98,4520
417,execution,395,19626
418,executive,786,28937
419,executive control,230,8253
420,executive function,154,5164
421,executive functions,128,4740
422,expectancy,72,2809
423,expectation,108,3576
424,expectations,121,3994
425,experience,759,27779
426,experiences,267,9909
427,experiencing,95,3892
428,expertise,92,3995
429,explicit,302,11474
430,exploration,83,3483
431,exploratory,121,3582
432,expressed,144,5190
433,expression,328,10688
434,expressions,362,12989
435,externally,102,4440
436,extinction,81,3400
437,extrastriate,246,8997
438,eye,417,17591
439,eye field,95,3496
440,eye fields,111,5083
441,eye movement,75,2977
442,eye movements,116,5486
443,eyes,154,5919
444,fa,128,3125
445,face,896,31842
446,face ffa,86,2567
447,face recognition,79,2075
448,faces,864,29833
449,facial,502,17104
450,facial expression,86,3018
451,facial expressions,250,8492
452,familiar,275,10535
453,familiarity,188,7551
454,family,125,3333
455,fasciculus,75,1922
456,fc,206,5655
457,fear,363,12269
458,fearful,221,6575
459,fearful faces,91,2398
460,feature,428,13105
461,features,723,24904
462,feeling,101,3810
463,feelings,149,5414
464,female,392,12189
465,females,272,10397
466,ffa,99,3187
467,fiber,84,2688
468,finger,330,17212
469,finger movements,83,5160
470,finger tapping,75,4257
471,fixation,148,7006
472,flexibility,100,3248
473,fluency,151,5177
474,focus,348,11316
475,food,171,5071
476,foot,83,4232
477,force,86,4335
478,form,599,20062
479,forms,244,10272
480,frequency,714,21117
481,frontal,4735,175560
482,frontal cortex,803,27535
483,frontal cortices,105,4543
484,frontal eye,169,6103
485,frontal gyri,249,9593
486,frontal gyrus,1983,70487
487,frontal lobe,211,7007
488,frontal lobes,77,3189
489,frontal operculum,109,4376
490,frontal parietal,428,17030
491,frontal temporal,197,7563
492,fronto,775,29114
493,frontoparietal,360,13467
494,fronto parietal,424,16766
495,frontoparietal network,116,4806
496,frontopolar,77,2810
497,fronto striatal,86,3259
498,frontotemporal,104,3460
499,fronto temporal,97,3391
500,functional connectivity,1829,65616
501,fusiform,972,35417
502,fusiform face,143,4540
503,fusiform gyri,91,3523
504,fusiform gyrus,582,21231
505,gain,204,8478
506,gains,137,4388
507,gambling,85,2181
508,game,176,5246
509,gamma,84,1981
510,ganglia,485,21859
511,gaze,117,5143
512,gender,484,14257
513,generation,335,15216
514,genes,75,1506
515,german,80,2598
516,gestures,85,3650
517,globus,74,2417
518,globus pallidus,73,2415
519,gm,164,4182
520,gm volume,84,1733
521,goal,582,21308
522,goal directed,216,8840
523,goals,158,5592
524,grasping,90,2984
525,gyri,729,26274
526,gyrus,4129,143923
527,gyrus anterior,161,6511
528,gyrus ba,117,4055
529,gyrus cerebellum,98,3541
530,gyrus ifg,309,10903
531,gyrus inferior,288,10837
532,gyrus insula,97,3550
533,gyrus medial,100,3482
534,gyrus mfg,86,2918
535,gyrus middle,214,7112
536,gyrus posterior,133,5135
537,gyrus precuneus,108,3795
538,gyrus stg,132,4611
539,gyrus superior,207,7915
540,hand,879,35364
541,handed,368,16848
542,handedness,76,2646
543,hand movements,89,3850
544,hands,122,5096
545,happy,225,6964
546,happy faces,75,1827
547,hc,245,6269
548,head,202,6614
549,health,170,4317
550,heard,76,3444
551,hearing,124,4393
552,heart,84,3169
553,heart rate,72,2715
554,hemisphere,872,32580
555,hemispheres,239,9445
556,hemispheric,398,14635
557,heschl,93,2120
558,heschl gyrus,85,1925
559,high risk,127,3423
560,hippocampal,566,21360
561,hippocampus,1059,38697
562,hoc,90,2333
563,hub,92,2844
564,hubs,75,2343
565,human,2400,82598
566,humans,985,36850
567,hyperactivation,97,4383
568,hyperactivity,222,6966
569,hyperactivity disorder,143,4136
570,hypoactivation,102,5057
571,hypothalamus,98,3864
572,identification,330,11505
573,ifg,386,14157
574,illness,187,4283
575,illusion,77,2656
576,image,327,10383
577,imagery,312,14710
578,images,822,27436
579,imagine,74,3881
580,imagined,144,6624
581,imitation,84,4453
582,implicit,263,9175
583,impulsive,78,2711
584,impulsivity,120,3144
585,incentive,148,4778
586,incentive delay,79,2537
587,incongruent,266,8956
588,inconsistent,158,6251
589,incorrect,87,2926
590,index finger,75,3707
591,individual variability,72,1739
592,induction,99,3713
593,inference,123,4371
594,inferences,99,3420
595,inferior,3374,126623
596,inferior frontal,1890,72219
597,inferior middle,91,3689
598,inferior occipital,116,3507
599,inferior parietal,1159,44943
600,inferior prefrontal,103,3838
601,inferior superior,86,4242
602,inferior temporal,340,11952
603,information,2647,93756
604,inhibit,115,4339
605,inhibition,601,19800
606,inhibitory,328,10931
607,inhibitory control,143,4315
608,injury,154,5263
609,instruction,95,4163
610,instructions,110,4943
611,insula,2017,78194
612,insula anterior,137,6762
613,insula inferior,82,3390
614,insular,487,17346
615,insular cortex,228,8853
616,integrate,152,5815
617,integrated,226,7835
618,integrating,178,5963
619,integration,771,27390
620,integrative,81,3073
621,integrity,235,7045
622,intelligence,116,3111
623,intense,81,3365
624,intensity,428,15937
625,intention,95,2956
626,intentional,100,3449
627,intentions,125,4657
628,interaction,1270,43463
629,interactions,833,31544
630,interactive,106,3408
631,interference,330,13013
632,interhemispheric,81,2391
633,interoceptive,81,2313
634,interpersonal,137,4921
635,interval,182,6771
636,intervals,126,4306
637,intraparietal,671,26519
638,intraparietal sulcus,571,22614
639,invasive,80,2735
640,ipl,166,5747
641,ips,212,7574
642,ipsilateral,236,9610
643,iq,160,5413
644,item,269,9996
645,items,448,15962
646,judgment,290,10373
647,judgments,372,12949
648,judgment task,85,2836
649,junction,510,18906
650,junction tpj,103,3721
651,knowledge,635,23228
652,language,1101,42749
653,language comprehension,107,3507
654,language network,83,3631
655,languages,147,6414
656,lateral,1553,59614
657,lateral frontal,87,3140
658,lateralization,205,7412
659,lateralized,349,14459
660,lateral medial,75,3826
661,lateral occipital,226,7125
662,lateral orbitofrontal,95,3149
663,lateral parietal,80,3013
664,lateral prefrontal,359,12382
665,lateral temporal,121,4900
666,learn,135,6524
667,learned,361,14676
668,learning,1144,43622
669,learning task,123,4628
670,lesion,282,9098
671,lesions,236,8226
672,letter,173,6818
673,letters,135,5030
674,lexical,331,14271
675,lexical decision,84,3645
676,life,488,16446
677,light,302,10259
678,likelihood,107,3996
679,limb,127,5457
680,limbic,502,18957
681,lingual,263,8998
682,lingual gyrus,175,5329
683,linguistic,315,14049
684,listened,133,5363
685,listening,250,9819
686,load,366,15166
687,lobe,1250,47290
688,lobe mtl,107,4444
689,lobes,370,14031
690,lobule,833,31588
691,lobule ipl,107,3474
692,lobules,132,7869
693,location,499,18262
694,locations,253,8615
695,locus,92,3046
696,long term,335,11769
697,loop,78,4523
698,loss,396,12393
699,losses,95,2948
700,low level,110,3481
701,m1,146,5405
702,magnetic stimulation,167,5574
703,magnetoencephalography,100,2299
704,magnitude,464,15416
705,maintenance,350,14313
706,major depression,77,1864
707,major depressive,224,5251
708,manipulation,310,12333
709,manipulations,79,3130
710,manual,113,4271
711,mapping,520,17813
712,maps,396,13540
713,match,144,5106
714,matching,295,11856
715,matching task,97,3904
716,mci,81,2671
717,mdd,185,4001
718,medial,2674,100331
719,medial frontal,525,19417
720,medial lateral,121,5382
721,medial orbitofrontal,121,3566
722,medial pfc,75,3307
723,medial prefrontal,983,34109
724,medial superior,81,3033
725,medial temporal,456,20099
726,memories,256,10113
727,memory,2744,101915
728,memory encoding,146,5073
729,memory load,84,3267
730,memory performance,255,8433
731,memory processes,103,3689
732,memory retrieval,228,9305
733,memory task,383,12535
734,memory tasks,126,5443
735,memory test,76,2553
736,memory wm,259,10740
737,mental imagery,84,3884
738,mentalizing,151,6824
739,mental state,118,4360
740,mental states,141,5577
741,mesial,91,3564
742,mesolimbic,79,2606
743,met,84,2135
744,metabolic,107,2705
745,metabolism,83,1893
746,mfg,107,3682
747,mg,119,3550
748,midbrain,199,8182
749,middle cingulate,83,3228
750,middle frontal,682,24148
751,middle inferior,83,2931
752,middle occipital,176,6258
753,middle superior,97,3575
754,middle temporal,729,25303
755,midline,186,6788
756,mild cognitive,141,4452
757,mind,313,12342
758,mind tom,74,3702
759,mirror,240,10618
760,mm,75,3050
761,mnemonic,93,2938
762,modalities,299,12245
763,modality,380,16369
764,modulatory,135,5143
765,monetary,300,9318
766,monetary incentive,80,2316
767,monetary reward,97,3373
768,money,84,2881
769,monitoring,465,16686
770,mood,238,6075
771,moral,87,2806
772,morphological,99,2633
773,morphology,99,2606
774,motion,451,16050
775,motivation,189,6977
776,motivational,192,6679
777,motor,2565,109491
778,motor control,214,8683
779,motor cortex,438,19990
780,motor function,74,3236
781,motor imagery,104,5745
782,motor network,85,3811
783,motor performance,77,3917
784,motor pre,75,3401
785,motor premotor,82,4241
786,motor response,105,4804
787,motor responses,83,2527
788,motor sma,191,7710
789,motor task,116,5348
790,movement,670,28998
791,movements,674,32758
792,mpfc,323,10162
793,ms,321,9787
794,mt,143,5945
795,mtg,102,3001
796,mtl,139,5382
797,multiple sclerosis,81,2592
798,multisensory,146,5433
799,muscle,96,3958
800,music,163,5694
801,musical,137,5710
802,musicians,77,3181
803,names,79,2499
804,naming,179,7361
805,natural,221,7072
806,naturalistic,84,3368
807,nature,435,15419
808,navigation,77,3908
809,negative,1567,50373
810,negative affect,97,3704
811,negative emotional,101,2970
812,negative emotions,76,2931
813,negative feedback,77,2892
814,negative neutral,84,3306
815,negative positive,98,3106
816,negativity,88,2299
817,neocortical,74,3519
818,network dmn,332,8644
819,neutral,922,31948
820,neutral faces,125,3415
821,neutral pictures,84,3231
822,neutral stimuli,89,3386
823,nociceptive,73,3363
824,nogo,93,3546
825,noise,267,8753
826,nouns,100,4434
827,novel,1089,39798
828,novelty,118,4716
829,noxious,89,5145
830,nuclei,160,7552
831,nucleus,644,24205
832,nucleus accumbens,194,6217
833,object,851,29742
834,object recognition,86,2180
835,objects,692,25666
836,obsessive,99,2574
837,obsessive compulsive,98,2541
838,occipital,1470,52026
839,occipital cortex,342,11674
840,occipital gyrus,239,7875
841,occipital lobe,79,2825
842,occipital parietal,73,1900
843,occipital temporal,87,3623
844,occipito,207,8111
845,occipitotemporal,176,6403
846,occipito temporal,166,6286
847,occipitotemporal cortex,77,2751
848,ocd,81,1984
849,oddball,111,4287
850,ofc,227,7221
851,older adults,310,12991
852,olfactory,74,2021
853,opercular,89,3842
854,opercularis,87,3379
855,operculum,229,9776
856,oral,93,3649
857,orbital,155,4775
858,orbitofrontal,851,28814
859,orbitofrontal cortex,665,22442
860,organization,458,18135
861,orientation,184,6019
862,oriented,132,4427
863,orienting,152,5446
864,orthographic,132,6506
865,oscillations,101,2591
866,outcome,385,14673
867,outcomes,372,11574
868,pain,516,23295
869,painful,189,8214
870,pair,135,5047
871,paired,184,6729
872,pairs,346,13036
873,pallidus,73,2415
874,parahippocampal,602,22715
875,parahippocampal cortex,76,3659
876,parahippocampal gyrus,327,12887
877,parahippocampus,82,3078
878,paralimbic,79,3326
879,parietal,4132,163276
880,parietal cortex,1076,41180
881,parietal cortices,239,9972
882,parietal frontal,146,6139
883,parietal junction,198,7838
884,parietal lobe,368,14789
885,parietal lobes,91,3406
886,parietal lobule,731,26445
887,parietal lobules,83,4685
888,parietal network,206,7673
889,parietal occipital,109,3983
890,parietal temporal,130,5535
891,parieto,192,7182
892,parieto occipital,80,2914
893,parkinson,179,6763
894,parkinson disease,175,6621
895,pars,128,4953
896,passive,303,12522
897,passively,141,6194
898,passive viewing,75,3186
899,pcc,209,6509
900,pd,141,5351
901,people,693,24285
902,perceiving,85,3415
903,percept,73,2362
904,perception,1278,45576
905,perceptual,867,28917
906,performance,2714,97988
907,performance task,111,3838
908,periaqueductal,80,2808
909,person,358,15169
910,personal,191,6802
911,personality,309,9843
912,personality traits,101,3329
913,persons,131,4077
914,pfc,521,20550
915,pharmacological,90,2854
916,phonological,377,17844
917,photographs,85,2475
918,picture,353,12970
919,pictures,554,20764
920,pitch,102,4235
921,place,189,6595
922,placebo,332,10412
923,placebo controlled,122,3705
924,planning,258,10304
925,planum,105,3440
926,planum temporale,97,3087
927,plasticity,215,7358
928,pleasant,120,4287
929,pointing,73,2691
930,pole,249,8812
931,poor,222,7864
932,positive negative,308,10863
933,postcentral,290,10050
934,postcentral gyrus,184,6004
935,posterior,3208,123740
936,posterior anterior,90,3676
937,posterior cingulate,947,32721
938,posterior inferior,88,4247
939,posterior insula,175,7565
940,posterior middle,126,4226
941,posterior parietal,476,18933
942,posterior superior,343,14515
943,posterior temporal,130,5482
944,posttraumatic,72,1692
945,ppc,99,3757
946,precentral gyrus,255,8533
947,precuneus,1014,36712
948,precuneus posterior,101,3338
949,prediction,365,12732
950,prediction error,93,2686
951,predictions,211,7671
952,predictive,316,11866
953,preference,159,5625
954,preferences,94,2762
955,prefrontal,4400,157801
956,prefrontal cortex,3254,112230
957,prefrontal cortical,95,3103
958,prefrontal cortices,229,9651
959,prefrontal parietal,157,6783
960,premotor,1036,48163
961,premotor cortex,600,27010
962,preparation,168,7037
963,preparatory,88,4045
964,pre sma,147,6614
965,pressure,96,2724
966,pre supplementary,129,5020
967,primary,1271,49076
968,primary auditory,114,3080
969,primary motor,321,16209
970,primary secondary,95,4434
971,primary sensorimotor,96,4127
972,primary somatosensory,191,7549
973,primary visual,133,3905
974,prime,83,2780
975,priming,202,5235
976,probabilistic,169,5410
977,probability,171,5574
978,production,318,13945
979,progressive,132,4921
980,prospective,101,3674
981,pseudowords,76,2849
982,psts,91,3375
983,psychosis,120,2732
984,psychotic,114,2957
985,ptsd,106,2370
986,punishment,92,2881
987,putamen,599,24105
988,questionnaire,147,4889
989,rating,207,6240
990,ratings,418,14727
991,reaching,99,3958
992,reaction,551,18950
993,reactions,99,3662
994,reaction time,298,10575
995,reaction times,214,7227
996,reactivity,257,7286
997,read,201,8389
998,readers,115,4653
999,reading,521,21842
1000,real world,87,3585
1001,reappraisal,89,3931
1002,reasoning,182,6641
1003,recall,244,10992
1004,recognition,1001,35156
1005,recognition memory,148,5814
1006,recognition task,134,5307
1007,recognize,89,3075
1008,recognized,150,5537
1009,recognizing,78,2971
1010,recollection,157,6021
1011,reference,201,6804
1012,referential,176,5038
1013,referred,84,3496
1014,regulate,152,4949
1015,regulating,107,3764
1016,regulation,598,20125
1017,regulatory,112,3885
1018,rehabilitation,84,3217
1019,rehearsal,74,3744
1020,reho,120,2690
1021,reinforcement,128,4217
1022,reinforcement learning,72,2500
1023,relational,91,3461
1024,relevance,286,9734
1025,remember,114,4595
1026,remembered,157,5704
1027,remembering,82,3685
1028,reorganization,194,8554
1029,repetition,262,8950
1030,repetition suppression,86,2940
1031,response inhibition,218,7438
1032,response selection,103,4085
1033,response time,92,3404
1034,response times,85,3714
1035,rest,482,18834
1036,resting,1565,44595
1037,resting state,1421,38975
1038,retention,78,3124
1039,retrieval,872,36621
1040,retrieved,114,5051
1041,retrosplenial,131,4672
1042,retrosplenial cortex,85,2937
1043,reversal,76,2757
1044,reward,922,30418
1045,reward anticipation,92,2913
1046,rewarding,120,3772
1047,rewards,246,7562
1048,rhythm,76,2813
1049,risk,708,18379
1050,risk taking,82,2817
1051,risky,101,3279
1052,rostral,376,14831
1053,rostral anterior,103,2877
1054,rotation,102,4162
1055,rs,212,5498
1056,rsfc,78,1429
1057,rt,107,3051
1058,rule,172,6537
1059,rules,136,5218
1060,s1,90,3738
1061,saccade,79,3243
1062,saccades,73,2590
1063,sad,163,5895
1064,salience,396,12228
1065,salience network,126,4237
1066,salient,257,8038
1067,schizophrenia,715,20121
1068,schizophrenic,84,3199
1069,sclerosis,125,4063
1070,secondary somatosensory,155,7047
1071,selection,483,18586
1072,selective,723,24080
1073,selective attention,146,4947
1074,self referential,166,4728
1075,self report,77,2142
1076,self reported,184,5982
1077,semantic,1031,40030
1078,semantically,122,4241
1079,semantic memory,123,5505
1080,semantics,84,3122
1081,sensation,106,4245
1082,sensations,76,2883
1083,sensitivity,667,21956
1084,sensorimotor,684,29847
1085,sensorimotor cortex,172,8404
1086,sensorimotor network,74,3154
1087,sensory,1145,43001
1088,sensory information,101,3979
1089,sensory motor,181,7581
1090,sentence,307,11204
1091,sentence comprehension,77,2863
1092,sentences,356,13461
1093,separation,73,2597
1094,sequence,379,15766
1095,sequences,288,11811
1096,sequential,160,6363
1097,serial,129,5356
1098,serotonin,119,3458
1099,sex,391,12817
1100,sexual,81,3147
1101,sham,102,2860
1102,shapes,143,5553
1103,shifting,120,5124
1104,shifts,155,6596
1105,short term,199,7654
1106,si,107,5201
1107,sighted,74,3719
1108,signaling,131,4393
1109,signal task,92,3345
1110,sii,77,3541
1111,silent,86,3370
1112,similarity,196,6549
1113,simulation,160,7162
1114,size,336,10220
1115,sizes,79,2143
1116,skin,164,6417
1117,skin conductance,91,3626
1118,sleep,154,4874
1119,smokers,95,1976
1120,smoking,88,1736
1121,sn,78,2594
1122,social,1302,47083
1123,social cognition,220,8247
1124,social cognitive,98,3004
1125,social interaction,117,4812
1126,social interactions,123,4900
1127,socially,91,3222
1128,solving,101,3397
1129,somatosensory,674,28760
1130,somatosensory cortex,316,12214
1131,somatosensory cortices,106,6099
1132,sound,271,9667
1133,sounds,278,9307
1134,source,408,13349
1135,sources,234,8093
1136,space,303,10114
1137,spatial,1424,53646
1138,spatial attention,149,5103
1139,spatial information,79,2748
1140,spatially,259,8658
1141,spatial temporal,85,3299
1142,spatiotemporal,109,3696
1143,speaker,78,3519
1144,speakers,118,4959
1145,speaking,88,3571
1146,spectrum,269,11824
1147,spectrum disorder,86,4244
1148,spectrum disorders,111,5696
1149,speech,642,23574
1150,speech perception,97,3178
1151,speech production,107,5224
1152,spl,85,3096
1153,spoken,186,7023
1154,spontaneous,361,9205
1155,stimulation,909,32733
1156,stimulation tms,73,2333
1157,stop,151,4940
1158,stop signal,99,3327
1159,storage,101,4183
1160,strategic,88,3077
1161,strategies,357,13597
1162,strategy,253,9019
1163,stream,247,8715
1164,streams,86,3161
1165,stress,321,8294
1166,stress disorder,101,2208
1167,striatal,545,21039
1168,striatum,886,31019
1169,stroke,160,5153
1170,stroop,225,7134
1171,stroop task,139,4436
1172,sts,203,6456
1173,subcortical,648,27192
1174,subcortical structures,88,3353
1175,subgenual,124,4047
1176,subjective,458,16789
1177,subsequent,704,24847
1178,subsequent memory,116,3989
1179,substance,124,2828
1180,substantia,74,3018
1181,subtraction,96,4299
1182,success,184,7043
1183,suffering,124,4565
1184,sulci,77,3033
1185,sulcus,1272,48947
1186,sulcus ips,173,6399
1187,sulcus sts,131,3779
1188,superior,2839,105064
1189,superior inferior,77,4888
1190,superior middle,116,5223
1191,superior parietal,622,24152
1192,superior temporal,1422,50978
1193,supplementary,827,35336
1194,supplementary motor,748,31848
1195,suppressed,98,4577
1196,suppression,314,11814
1197,supramarginal,375,13835
1198,supramarginal gyrus,296,11421
1199,sustained,313,12408
1200,sustained attention,74,2437
1201,switch,134,5617
1202,switching,193,6510
1203,symbolic,73,2369
1204,symptom,338,9534
1205,symptoms,660,18172
1206,symptom severity,123,3030
1207,syntactic,169,5369
1208,tactile,225,8648
1209,tapping,132,7910
1210,target,853,31187
1211,target detection,76,3288
1212,targets,349,11689
1213,task,5993,223010
1214,task demands,169,6985
1215,task difficulty,153,6261
1216,task positive,84,2731
1217,task relevant,177,5853
1218,tasks,2228,96772
1219,taste,80,2661
1220,td,77,2906
1221,tegmental,76,3037
1222,temporal,4526,169500
1223,temporal cortex,570,20134
1224,temporal cortices,137,5466
1225,temporale,97,3087
1226,temporal frontal,72,2589
1227,temporal gyri,220,7409
1228,temporal gyrus,1138,39137
1229,temporal inferior,83,3079
1230,temporal lobe,643,24983
1231,temporal lobes,183,7661
1232,temporal occipital,93,4037
1233,temporal parietal,216,9108
1234,temporal pole,168,6049
1235,temporal sulcus,518,18785
1236,temporo,354,14804
1237,temporoparietal,262,9247
1238,temporo parietal,268,11585
1239,temporoparietal junction,178,6295
1240,thalamic,235,8295
1241,thalamus,922,35226
1242,theory,522,19771
1243,theory mind,181,7761
1244,therapy,168,6414
1245,thinking,156,5403
1246,thought,573,20879
1247,thoughts,118,3834
1248,threatening,99,3723
1249,time task,77,2855
1250,timing,186,7094
1251,tom,80,3935
1252,tone,115,4918
1253,tools,115,3830
1254,touch,110,4934
1255,tpj,128,4865
1256,track,75,3737
1257,tracking,148,6063
1258,trait,360,9778
1259,traits,227,7423
1260,uncertain,85,2734
1261,uncertainty,130,4048
1262,unexpected,109,4114
1263,unfamiliar,183,7406
1264,unilateral,143,4632
1265,unimodal,82,2847
1266,unpleasant,132,5082
1267,updating,115,4203
1268,v1,101,3824
1269,v5,106,3681
1270,valence,361,13519
1271,value,470,15226
1272,values,415,10742
1273,ventral,1729,63054
1274,ventral anterior,87,2957
1275,ventral dorsal,111,4281
1276,ventral medial,78,2443
1277,ventral premotor,185,8783
1278,ventral striatum,415,12989
1279,ventral tegmental,75,2965
1280,ventral visual,132,4494
1281,ventrolateral,463,18976
1282,ventrolateral prefrontal,314,11411
1283,ventromedial,437,15051
1284,ventromedial prefrontal,333,12062
1285,verb,127,5079
1286,verbal,729,26713
1287,verbal fluency,84,2534
1288,verbal working,99,3730
1289,verbs,107,4518
1290,vermis,83,3997
1291,vi,76,4221
1292,video,190,8448
1293,video clips,90,4165
1294,videos,104,4619
1295,viewing,463,16803
1296,violations,79,2592
1297,virtual,160,6771
1298,vision,137,5632
1299,visual,3110,115726
1300,visual attention,124,4388
1301,visual auditory,165,6481
1302,visual cortex,488,16214
1303,visual cortices,81,3075
1304,visual field,93,2465
1305,visual information,139,4656
1306,visually,333,14885
1307,visually presented,102,4373
1308,visual motion,76,2909
1309,visual perception,83,2934
1310,visual stimuli,270,8526
1311,visual stimulus,84,2692
1312,visual stream,80,2956
1313,visual word,117,5020
1314,visuo,150,6529
1315,visuomotor,153,5522
1316,visuospatial,267,10517
1317,visuo spatial,75,3268
1318,vlpfc,151,5004
1319,vmpfc,199,6971
1320,vocal,87,3838
1321,voice,121,4353
1322,vs,865,31899
1323,vulnerability,188,5212
1324,watching,75,3003
1325,wm,339,13110
1326,wm task,98,3498
1327,word,944,36501
1328,word form,93,3874
1329,word pairs,74,2537
1330,word recognition,87,2997
1331,words,948,38353
1332,working,1126,41359
1333,working memory,1091,39905
1334,written,129,5166
